{
    "range": [
        {
            "id": "1",
            "name": "集中式供水",
            "pid": "0",
            "sub": [
                {
                    "id": "7",
                    "name": "集中式供水",
                    "pid": "1"
                }
            ]
        },
        {
            "id": "2",
            "name": "二次供水",
            "pid": "0",
            "sub": [
                {
                    "id": "8",
                    "name": "二次供水",
                    "pid": "2"
                }
            ]
        },
        {
            "id": "3",
            "name": "小型集中式供水",
            "pid": "0",
            "sub": [
                {
                    "id": "9",
                    "name": "白酒",
                    "pid": "3"
                }
            ]
        },
        {
            "id": "4",
            "name": "分散式供水",
            "pid": "0",
            "sub": [
                {
                    "id": "10",
                    "name": "井水（敞口）",
                    "pid": "4"
                },
               {
                    "id": "11",
                    "name": "井水（压把井水）",
                    "pid": "4"
                },
                {
                    "id": "12",
                    "name": "直接取用河水",
                    "pid": "4"
                },
               {
                    "id": "13",
                    "name": "直接取用湖水",
                    "pid": "4"
                },
               {
                    "id": "14",
                    "name": "直接取用池塘水",
                    "pid": "4"
                },
               {
                    "id": "15",
                    "name": "直接取用水库水",
                    "pid": "4"
                },
               {
                    "id": "16",
                    "name": "泉水",
                    "pid": "4"
                },
               {
                    "id": "17",
                    "name": "窖水",
                    "pid": "4"
                }, 
               {
                    "id": "18",
                    "name": "雨雪或冰雪水",
                    "pid": "4"
                }
            ]
        },
        {
            "id": "5",
            "name": "购买的桶装水和瓶装水",
            "pid": "0",
            "sub": [
                {
                    "id": "19",
                    "name": "购买的桶装水和瓶装水",
                    "pid": "5"
                }
            ]
        },
        {
            "id": "6",
            "name": "其他",
            "pid": "0",
            "sub": [
                {
                    "id": "20",
                    "name": "其他",
                    "pid": "6"
                }
            ]
        }
    ]
}