{
    "range": [
        {
            "id": "1",
            "name": "国家机关、党群组织、企业、事业单位负责人",
            "pid": "0",
            "sub": [
                {
                    "id": "13",
                    "name": "中国共产党中央委员会和地方各级组织负责人",
                    "pid": "1"
                },
                {
                    "id": "14",
                    "name": "国家机关及其机构负责人",
                    "pid": "1"
                },
                {
                    "id": "15",
                    "name": "民主党派和社会团体及其工作机构负责人",
                    "pid": "1"
                },
                {
                    "id": "16",
                    "name": "事业单位负责人",
                    "pid": "1"
                },
                {
                    "id": "17",
                    "name": "企业负责人",
                    "pid": "1"
                },
                {
                    "id": "18",
                    "name": "其他",
                    "pid": "1"
                }]
        },
        {
            "id": "2",
            "name": "科学研究类专业技术人员",
            "pid": "0",
            "sub": [
                {
                    "id": "19",
                    "name": "科学研究人员",
                    "pid": "2"
                },
                {
                    "id": "20",
                    "name": "工程技术人员",
                    "pid": "2"
                },
                {
                    "id": "21",
                    "name": "农业技术人员",
                    "pid": "2"
                },
                {
                    "id": "22",
                    "name": "飞机和船舶技术人员",
                    "pid": "2"
                },
                {
                    "id": "23",
                    "name": "卫生专业技术人员",
                    "pid": "2"
                },
                {
                    "id": "24",
                    "name": "其他",
                    "pid": "2"
                }]
        },
        {
            "id": "3",
            "name": "社会经济类专业技术人员",
            "pid": "0",
            "sub": [
                {
                    "id": "25",
                    "name": "经济业务人员",
                    "pid": "3"
                },
                {
                    "id": "26",
                    "name": "金融业务人员",
                    "pid": "3"
                },
                {
                    "id": "27",
                    "name": "法律专业人员",
                    "pid": "3"
                },
                {
                    "id": "28",
                    "name": "教学人员",
                    "pid": "3"
                },
                {
                    "id": "29",
                    "name": "文学艺术工作人员",
                    "pid": "3"
                },
                {
                    "id": "30",
                    "name": "体育工作人员",
                    "pid": "3"
                },
                {
                    "id": "31",
                    "name": "新闻出版、文化工作人员",
                    "pid": "3"
                },
                {
                    "id": "32",
                    "name": "宗教职业者",
                    "pid": "3"
                },
                {
                    "id": "33",
                    "name": "其他",
                    "pid": "3"
                }]
        },
        {
            "id": "4",
            "name": "办事人员和有关人员",
            "pid": "0",
            "sub": [
                {
                    "id": "34",
                    "name": "行政办公人员",
                    "pid": "4"
                },
                {
                    "id": "35",
                    "name": "安全保卫和消防人员",
                    "pid": "4"
                },
                {
                    "id": "36",
                    "name": "邮政和电信业务人员",
                    "pid": "4"
                },
                {
                    "id": "37",
                    "name": "其他",
                    "pid": "4"
                }]
        },
        {
            "id": "5",
            "name": "商业、服务业人员",
            "pid": "0",
            "sub": [
                {
                    "id": "38",
                    "name": "购销人员",
                    "pid": "5"
                },
                {
                    "id": "39",
                    "name": "仓储人员",
                    "pid": "5"
                },
                {
                    "id": "40",
                    "name": "餐饮服务人员",
                    "pid": "5"
                },
                {
                    "id": "41",
                    "name": "饭店、旅游及健身娱乐场所服务人员",
                    "pid": "5"
                },
                {
                    "id": "42",
                    "name": "运输服务人员",
                    "pid": "5"
                },
                {
                    "id": "43",
                    "name": "医疗卫生辅助服务人员",
                    "pid": "5"
                },
                {
                    "id": "44",
                    "name": "社会服务和居民生活服务人员",
                    "pid": "5"
                },
                {
                    "id": "45",
                    "name": "其他",
                    "pid": "5"
                }]
        },
        {
            "id": "6",
            "name": "农、林、牧、渔、水利业生产人员",
            "pid": "0",
            "sub": [
                {
                    "id": "46",
                    "name": "种植业生产人员",
                    "pid": "6"
                },
                {
                    "id": "47",
                    "name": "林业生产及野生动植物保护人员",
                    "pid": "6"
                },
                {
                    "id": "48",
                    "name": "畜牧业生产人员",
                    "pid": "6"
                },
                {
                    "id": "49",
                    "name": "渔业生产人员",
                    "pid": "6"
                },
                {
                    "id": "50",
                    "name": "水利设施管理养护人员",
                    "pid": "6"
                },
                {
                    "id": "51",
                    "name": "其它",
                    "pid": "6"
                }]
        },
        {
            "id": "7",
            "name": "采矿冶金、化工机械等有关人员",
            "pid": "0",
            "sub": [
                {
                    "id": "52",
                    "name": "勘测及矿物开采人员",
                    "pid": "7"
                },
                {
                    "id": "53",
                    "name": "金属冶炼及轧制人员",
                    "pid": "7"
                },
                {
                    "id": "54",
                    "name": "化工产品生产人员",
                    "pid": "7"
                },
                {
                    "id": "55",
                    "name": "机械制造加工人员",
                    "pid": "7"
                },
                {
                    "id": "56",
                    "name": "机电产品装配人员",
                    "pid": "7"
                },
                {
                    "id": "57",
                    "name": "其它",
                    "pid": "7"
                }]
        },
        {
            "id": "8",
            "name": "电工电子、轻工纺织等生产有关人员",
            "pid": "0",
            "sub": [
                {
                    "id": "58",
                    "name": "机械设备修理人员",
                    "pid": "8"
                },
                {
                    "id": "59",
                    "name": "电力设备安装、运行、检修及供电人员",
                    "pid": "8"
                },
                {
                    "id": "60",
                    "name": "电子元器件与设备制造、装配、调试及维修人员",
                    "pid": "8"
                },
                {
                    "id": "61",
                    "name": "橡胶和塑料制品生产人员",
                    "pid": "8"
                },
                {
                    "id": "62",
                    "name": "纺织、针织、印染人员",
                    "pid": "8"
                },
                {
                    "id": "63",
                    "name": "裁剪、缝纫和皮革、毛皮制品加工制作人员",
                    "pid": "8"
                },
                {
                    "id": "64",
                    "name": "粮油、食品、饮料生产加工及饲料生产加工人员",
                    "pid": "8"
                },
                {
                    "id": "65",
                    "name": "烟草及其制品加工人员",
                    "pid": "8"
                },
                {
                    "id": "66",
                    "name": "药品生产人员",
                    "pid": "8"
                },
                {
                    "id": "67",
                    "name": "其它",
                    "pid": "8"
                }]
        },
        {
            "id": "9",
            "name": "建筑建材、文体材料等生产有关人员",
            "pid": "0",
            "sub": [
                {
                    "id": "68",
                    "name": "木材加工、人造板生产、木制品制作及制浆、造纸和纸制品生产加工人员",
                    "pid": "9"
                },
                {
                    "id": "69",
                    "name": "建筑材料生产加工人员",
                    "pid": "9"
                },
                {
                    "id": "70",
                    "name": "玻璃、陶瓷、搪瓷及其制品生产加工人员",
                    "pid": "9"
                },
                {
                    "id": "71",
                    "name": "广播影视制品制作、播放及文物保护作业人员",
                    "pid": "9"
                },
                {
                    "id": "72",
                    "name": "印刷人员",
                    "pid": "9"
                },
                {
                    "id": "73",
                    "name": "工艺、美术品制作人员",
                    "pid": "9"
                },
                {
                    "id": "74",
                    "name": "文化教育、体育用品制作人员",
                    "pid": "9"
                },
                {
                    "id": "75",
                    "name": "工程施工人员",
                    "pid": "9"
                },
                {
                    "id": "76",
                    "name": "其他",
                    "pid": "9"
                }]
        },
        {
            "id": "10",
            "name": "运输、环境监测、计量检验有关人员",
            "pid": "0",
            "sub": [
                {
                    "id": "77",
                    "name": "运输设备操作人员及有关人员",
                    "pid": "10"
                },
                {
                    "id": "78",
                    "name": "环境监测与废物处理人员",
                    "pid": "10"
                },
                {
                    "id": "79",
                    "name": "检验、计量人员",
                    "pid": "10"
                },
                {
                    "id": "80",
                    "name": "其他",
                    "pid": "10"
                }]
        },
        {
            "id": "11",
            "name": "军人",
            "pid": "0",
            "sub":[
                {
                    "id": "81",
                    "name": "军人",
                    "pid": "11"
                }]
        },
        {
            "id": "12",
            "name": "其他",
            "pid": "0",
            "sub": [
                {
                    "id": "82",
                    "name": "离退休人员",
                    "pid": "12"
                },
                {
                    "id": "83",
                    "name": "在校学生",
                    "pid": "12"
                },
                {
                    "id": "84",
                    "name": "待业人员",
                    "pid": "12"
                },
                {
                    "id": "85",
                    "name": "家庭主妇",
                    "pid": "12"
                },
                {
                    "id": "86",
                    "name": "不便分类的其他从业人员",
                    "pid": "12"
                }]
        }
    ]
}